{
  "flag_rlvp": {
    "n_iters": 60,
    "episodes_generated_total": 3360,
    "episodes_used_total": 3360,
    "oversample_factor": 1.0,
    "dead_iters": 2,
    "eps_to_25": 224,
    "eps_to_50": 336,
    "final_train_succ_5": 0.936,
    "best_eval_succ": 0.96875,
    "final_eval_succ": 0.90625,
    "eval_curve": [
      [
        6,
        0.78125
      ],
      [
        12,
        0.84375
      ],
      [
        18,
        0.9375
      ],
      [
        24,
        0.9375
      ],
      [
        30,
        0.84375
      ],
      [
        36,
        0.96875
      ],
      [
        42,
        0.78125
      ],
      [
        48,
        0.71875
      ],
      [
        54,
        0.84375
      ],
      [
        60,
        0.90625
      ]
    ],
    "train_succ_curve": [
      0.107,
      0.089,
      0.232,
      0.446,
      0.625,
      0.929,
      0.714,
      0.786,
      0.786,
      0.821,
      0.768,
      0.804,
      0.929,
      0.839,
      0.893,
      0.893,
      0.857,
      0.964,
      0.911,
      0.839,
      0.643,
      0.875,
      0.821,
      0.786,
      0.857,
      0.875,
      0.75,
      0.893,
      0.893,
      0.893,
      0.911,
      0.929,
      0.929,
      0.839,
      0.839,
      0.768,
      0.75,
      0.857,
      0.893,
      0.857,
      0.964,
      0.714,
      0.732,
      0.893,
      0.821,
      0.946,
      0.839,
      0.839,
      0.946,
      0.911,
      0.964,
      0.929,
      0.964,
      0.946,
      1.0,
      1.0,
      0.964,
      0.929,
      0.804,
      0.982
    ],
    "gen_curve": [
      56,
      112,
      168,
      224,
      280,
      336,
      392,
      448,
      504,
      560,
      616,
      672,
      728,
      784,
      840,
      896,
      952,
      1008,
      1064,
      1120,
      1176,
      1232,
      1288,
      1344,
      1400,
      1456,
      1512,
      1568,
      1624,
      1680,
      1736,
      1792,
      1848,
      1904,
      1960,
      2016,
      2072,
      2128,
      2184,
      2240,
      2296,
      2352,
      2408,
      2464,
      2520,
      2576,
      2632,
      2688,
      2744,
      2800,
      2856,
      2912,
      2968,
      3024,
      3080,
      3136,
      3192,
      3248,
      3304,
      3360
    ],
    "all_fail_curve": [
      0.875,
      0.875,
      0.75,
      0.375,
      0.25,
      0.0,
      0.0,
      0.125,
      0.0,
      0.0,
      0.125,
      0.0,
      0.0,
      0.125,
      0.0,
      0.0,
      0.0,
      0.0,
      0.0,
      0.0,
      0.0,
      0.0,
      0.125,
      0.125,
      0.0,
      0.0,
      0.0,
      0.0,
      0.0,
      0.0,
      0.0,
      0.0,
      0.0,
      0.0,
      0.0,
      0.0,
      0.0,
      0.0,
      0.0,
      0.0,
      0.0,
      0.0,
      0.0,
      0.0,
      0.0,
      0.0,
      0.0,
      0.0,
      0.0,
      0.0,
      0.0,
      0.0,
      0.0,
      0.0,
      0.0,
      0.0,
      0.0,
      0.0,
      0.125,
      0.0
    ],
    "entropy_final": 0.005393496535009983
  },
  "abl_nomix": {
    "n_iters": 60,
    "episodes_generated_total": 3840,
    "episodes_used_total": 3840,
    "oversample_factor": 1.0,
    "dead_iters": 5,
    "eps_to_25": 256,
    "eps_to_50": 320,
    "final_train_succ_5": 0.972,
    "best_eval_succ": 1.0,
    "final_eval_succ": 1.0,
    "eval_curve": [
      [
        6,
        0.875
      ],
      [
        12,
        0.65625
      ],
      [
        18,
        0.9375
      ],
      [
        24,
        0.875
      ],
      [
        30,
        0.96875
      ],
      [
        36,
        0.84375
      ],
      [
        42,
        1.0
      ],
      [
        48,
        1.0
      ],
      [
        54,
        1.0
      ],
      [
        60,
        1.0
      ]
    ],
    "train_succ_curve": [
      0.078,
      0.078,
      0.344,
      0.75,
      0.797,
      0.891,
      1.0,
      0.875,
      0.969,
      0.703,
      0.781,
      0.734,
      0.844,
      0.609,
      0.828,
      0.984,
      0.828,
      0.938,
      0.875,
      0.969,
      0.922,
      0.859,
      0.75,
      0.641,
      0.766,
      0.734,
      0.719,
      0.828,
      0.797,
      0.812,
      0.953,
      0.938,
      0.906,
      0.859,
      0.969,
      0.734,
      0.766,
      0.891,
      0.906,
      0.859,
      0.953,
      0.969,
      0.969,
      0.953,
      1.0,
      1.0,
      0.984,
      1.0,
      0.984,
      0.984,
      0.984,
      1.0,
      0.984,
      0.953,
      0.984,
      1.0,
      0.984,
      0.984,
      0.984,
      0.906
    ],
    "gen_curve": [
      64,
      128,
      192,
      256,
      320,
      384,
      448,
      512,
      576,
      640,
      704,
      768,
      832,
      896,
      960,
      1024,
      1088,
      1152,
      1216,
      1280,
      1344,
      1408,
      1472,
      1536,
      1600,
      1664,
      1728,
      1792,
      1856,
      1920,
      1984,
      2048,
      2112,
      2176,
      2240,
      2304,
      2368,
      2432,
      2496,
      2560,
      2624,
      2688,
      2752,
      2816,
      2880,
      2944,
      3008,
      3072,
      3136,
      3200,
      3264,
      3328,
      3392,
      3456,
      3520,
      3584,
      3648,
      3712,
      3776,
      3840
    ],
    "all_fail_curve": [
      0.875,
      0.875,
      0.625,
      0.125,
      0.125,
      0.0,
      0.0,
      0.0,
      0.0,
      0.125,
      0.125,
      0.25,
      0.125,
      0.25,
      0.0,
      0.0,
      0.0,
      0.0,
      0.0,
      0.0,
      0.0,
      0.0,
      0.0,
      0.0,
      0.0,
      0.125,
      0.125,
      0.0,
      0.0,
      0.0,
      0.0,
      0.0,
      0.0,
      0.0,
      0.0,
      0.0,
      0.0,
      0.0,
      0.0,
      0.0,
      0.0,
      0.0,
      0.0,
      0.0,
      0.0,
      0.0,
      0.0,
      0.0,
      0.0,
      0.0,
      0.0,
      0.0,
      0.0,
      0.0,
      0.0,
      0.0,
      0.0,
      0.0,
      0.0,
      0.0
    ],
    "entropy_final": 0.01700371906487404
  },
  "abl_nodisch": {
    "n_iters": 60,
    "episodes_generated_total": 3360,
    "episodes_used_total": 3360,
    "oversample_factor": 1.0,
    "dead_iters": 11,
    "eps_to_25": 224,
    "eps_to_50": 336,
    "final_train_succ_5": 0.975,
    "best_eval_succ": 0.9375,
    "final_eval_succ": 0.9375,
    "eval_curve": [
      [
        6,
        0.875
      ],
      [
        12,
        0.625
      ],
      [
        18,
        0.5625
      ],
      [
        24,
        0.65625
      ],
      [
        30,
        0.6875
      ],
      [
        36,
        0.65625
      ],
      [
        42,
        0.75
      ],
      [
        48,
        0.84375
      ],
      [
        54,
        0.9375
      ],
      [
        60,
        0.9375
      ]
    ],
    "train_succ_curve": [
      0.125,
      0.089,
      0.25,
      0.411,
      0.554,
      0.911,
      0.839,
      0.875,
      0.732,
      0.946,
      0.839,
      0.875,
      0.804,
      0.286,
      0.375,
      0.625,
      0.375,
      0.643,
      0.375,
      0.143,
      0.071,
      0.571,
      0.821,
      0.696,
      0.75,
      0.464,
      0.625,
      0.75,
      0.5,
      0.5,
      0.518,
      0.482,
      0.625,
      0.411,
      0.268,
      0.696,
      0.5,
      0.5,
      0.714,
      0.786,
      0.411,
      0.732,
      0.625,
      0.821,
      0.286,
      0.75,
      0.911,
      0.768,
      0.821,
      0.821,
      0.946,
      1.0,
      0.982,
      0.982,
      1.0,
      0.982,
      0.982,
      0.964,
      0.946,
      1.0
    ],