{
  "model": "results/run_c3v2/final",
  "rules_in_prompt": true,
  "k": 8,
  "temp": 0.7,
  "n_tasks": 30,
  "fileops": {
    "pass@1": 0.8833333333333333,
    "pass^k": 0.4666666666666667,
    "clean@1": 0.975,
    "clean^k": 0.8666666666666667,
    "perfect^k": 0.4666666666666667,
    "viol_per_100_calls": 1.4705882352941178,
    "per_rule": {
      "repeat_failure": 26
    },
    "tactic_diversity": 0.49583333333333335,
    "format_errors_per_ep": 0.004166666666666667,
    "calls_per_ep": 7.366666666666666
  },
  "csops": {
    "pass@1": 1.0,
    "pass^k": 1.0,
    "clean@1": 1.0,
    "clean^k": 1.0,
    "perfect^k": 1.0,
    "viol_per_100_calls": 0.0,
    "per_rule": {},
    "tactic_diversity": 0.2916666666666667,
    "format_errors_per_ep": 0.0,
    "calls_per_ep": 5.641666666666667
  }
}