{
  "model": "results/run_outcome/final",
  "guardrail": true,
  "k": 8,
  "temp": 0.7,
  "fileops": {
    "pass@1": 0.6666666666666666,
    "pass^k": 0.6666666666666666,
    "blocked_per_ep": 3.404166666666667,
    "eps_with_blocks": 1.0,
    "residual_viol": 0,
    "turns_per_ep": 7.341666666666667,
    "calls_per_ep": 3.9375,
    "timeout_rate": 0.3333333333333333
  },
  "csops": {
    "pass@1": 1.0,
    "pass^k": 1.0,
    "blocked_per_ep": 1.1125,
    "eps_with_blocks": 1.0,
    "residual_viol": 0,
    "turns_per_ep": 6.1125,
    "calls_per_ep": 5.0,
    "timeout_rate": 0.0
  }
}