{
  "model": "results/run_c3mix/final",
  "rules_in_prompt": true,
  "k": 8,
  "temp": 0.7,
  "n_tasks": 30,
  "fileops": {
    "pass@1": 0.7666666666666667,
    "pass^k": 0.2,
    "clean@1": 0.9958333333333333,
    "clean^k": 0.9666666666666667,
    "perfect^k": 0.2,
    "viol_per_100_calls": 0.1927710843373494,
    "per_rule": {
      "repeat_failure": 4
    },
    "tactic_diversity": 0.7208333333333333,
    "format_errors_per_ep": 0.029166666666666667,
    "calls_per_ep": 8.645833333333334
  },
  "csops": {
    "pass@1": 0.9916666666666667,
    "pass^k": 0.9333333333333333,
    "clean@1": 1.0,
    "clean^k": 1.0,
    "perfect^k": 0.9333333333333333,
    "viol_per_100_calls": 0.0,
    "per_rule": {},
    "tactic_diversity": 0.32916666666666666,
    "format_errors_per_ep": 0.004166666666666667,
    "calls_per_ep": 5.408333333333333
  }
}