{
  "model": "results/run_c2pos/final",
  "rules_in_prompt": true,
  "k": 8,
  "temp": 0.7,
  "n_tasks": 30,
  "fileops": {
    "pass@1": 1.0,
    "pass^k": 1.0,
    "clean@1": 0.9,
    "clean^k": 0.9,
    "perfect^k": 0.9,
    "viol_per_100_calls": 2.3785926660059467,
    "per_rule": {
      "untested_submit": 24
    },
    "tactic_diversity": 0.14166666666666666,
    "format_errors_per_ep": 0.0,
    "calls_per_ep": 4.204166666666667
  },
  "csops": {
    "pass@1": 1.0,
    "pass^k": 1.0,
    "clean@1": 0.3,
    "clean^k": 0.16666666666666666,
    "perfect^k": 0.16666666666666666,
    "viol_per_100_calls": 16.27906976744186,
    "per_rule": {
      "no_tz_before_call": 168
    },
    "tactic_diversity": 0.15416666666666667,
    "format_errors_per_ep": 0.0,
    "calls_per_ep": 4.3
  }
}