{
  "model": "results/run_c3v2/final",
  "rules_in_prompt": false,
  "k": 8,
  "temp": 0.7,
  "n_tasks": 30,
  "fileops": {
    "pass@1": 0.9916666666666667,
    "pass^k": 0.9666666666666667,
    "clean@1": 1.0,
    "clean^k": 1.0,
    "perfect^k": 0.9666666666666667,
    "viol_per_100_calls": 0.0,
    "per_rule": {},
    "tactic_diversity": 0.4041666666666667,
    "format_errors_per_ep": 0.0,
    "calls_per_ep": 6.183333333333334
  },
  "csops": {
    "pass@1": 1.0,
    "pass^k": 1.0,
    "clean@1": 1.0,
    "clean^k": 1.0,
    "perfect^k": 1.0,
    "viol_per_100_calls": 0.0,
    "per_rule": {},
    "tactic_diversity": 0.2125,
    "format_errors_per_ep": 0.0,
    "calls_per_ep": 5.129166666666666
  }
}