{
  "aligned": {
    "seeds": [
      0.24333333333333332,
      0.993,
      0.993
    ],
    "mean": 0.7431111111111111,
    "std": 0.3533962557530101
  },
  "valid": {
    "seeds": [
      0.18033333333333335,
      0.23633333333333337,
      0.2153333333333333
    ],
    "mean": 0.21066666666666667,
    "std": 0.023098821518760557
  },
  "validgated": {
    "seeds": [
      0.3053333333333333,
      0.333,
      0.743
    ],
    "mean": 0.46044444444444443,
    "std": 0.20011595404097196
  },
  "structural": {
    "seeds": [
      0.0,
      1.0,
      0.007
    ],
    "mean": 0.33566666666666667,
    "std": 0.46976329736959604
  },
  "noerror": {
    "seeds": [
      0.0,
      0.007,
      0.0
    ],
    "mean": 0.0023333333333333335,
    "std": 0.003299831645537222
  }
}